<?xml version="1.0" encoding="UTF-8" standalone="no"?><run failedtc="0" finishtime="2018-09-10 09-56" passedtc="3" starttime="2018-09-10 09-56" testsetname="Regression"><suite failedtc="0" name="TestSuite1 - ticket creation test cases.xlsx" passedtc="3"><step input="browser=Chrome" name="Util.startLocalWebDriver" status="PASSED"/><step input="Users:2" name="Login.login" status="PASSED"/><testcase name="TC131-create ticket with subject and description" status="PASSED"><step input="TicketData:2" name="Tickets.createNew" status="PASSED"/><step input="TicketData:2" name="Tickets.verifyTicketPresence" status="PASSED"/></testcase><testcase name="TC132-create ticket with numeric subject" status="PASSED"><step input="TicketData:3" name="Tickets.createNew" status="PASSED"/><step input="TicketData:3" name="Tickets.verifyTicketPresence" status="PASSED"/></testcase><testcase name="TC133-create ticket WITHOUT subject" status="PASSED"><step input="TicketData:4" name="Tickets.createNew" status="PASSED"/><step input="TicketData:4" name="Tickets.verifyTicketPresence" status="PASSED"/></testcase><step input="" name="Util.closeWebDriver" status="PASSED"/></suite></run>